{
  "1": {
    "color_radius": {
      "b": 0.1,
      "g": 0.06,
      "r": 0.06
    },
    "contrast": {
      "b": -0.068,
      "g": -0.139,
      "r": -0.138
    },
    "covariance_matrix": [
      [0.00035727960915938467, -1.0671212309566546e-5, -9.314983977638854e-5],
      [-1.0671212309566319e-5, 0.0001871814455109034, 6.247246213099476e-5],
      [-9.314983977638854e-5, 6.247246213099476e-5, 0.00024553257192858535]
    ]
  },
  "2": {
    "color_radius": {
      "b": 0.1,
      "g": 0.06,
      "r": 0.06
    },
    "contrast": {
      "b": -0.147,
      "g": -0.262,
      "r": -0.251
    },
    "covariance_matrix": [
      [0.0010201736254652964, 0.0003281564705033148, -0.00014795446011161298],
      [0.0003281564705033148, 0.0003429853090579366, 3.0434405482669377e-5],
      [-0.00014795446011161298, 3.0434405482669377e-5, 0.00034604453148283213]
    ]
  },
  "3": {
    "color_radius": {
      "b": 0.1,
      "g": 0.06,
      "r": 0.06
    },
    "contrast": {
      "b": -0.215,
      "g": -0.368,
      "r": -0.35
    },
    "covariance_matrix": [
      [0.001580423693199479, 0.00039724331477811224, -0.00029170705560257256],
      [0.00039724331477811224, 0.00032736399960781477, 2.0556232123589746e-5],
      [-0.00029170705560257256, 2.0556232123589746e-5, 0.000363358958187485]
    ]
  },
  "4": {
    "color_radius": {
      "b": 0.1,
      "g": 0.06,
      "r": 0.06
    },
    "contrast": {
      "b": -0.272,
      "g": -0.461,
      "r": -0.441
    },
    "covariance_matrix": [
      [0.0024226691212490517, 0.0005732362123494192, -0.00040968861560013934],
      [0.0005732362123494192, 0.0003294770733243574, -1.5642385279668416e-5],
      [-0.00040968861560013934, -1.564238527966841e-5, 0.0003733615254731673]
    ]
  }
}
