{
  "7": {
    "color_radius": {
      "b": 0.1,
      "g": 0.06,
      "r": 0.06
    },
    "contrast": {
      "b": 3.067,
      "g": 3.499,
      "r": 2.692
    },
    "covariance_matrix": [
      [0.03873310804894358, 0.020180520553844783, 0.014343869782681885],
      [0.020180520553844297, 0.025423400288310197, 0.015923124074593533],
      [0.014343869782681885, 0.015923124074593533, 0.01929451771789288]
    ]
  },
  "6": {
    "color_radius": {
      "b": 0.1,
      "g": 0.06,
      "r": 0.06
    },
    "contrast": {
      "b": 3.086,
      "g": 3.136,
      "r": 2.25
    },
    "covariance_matrix": [
      [0.03873310804894358, 0.020180520553844783, 0.014343869782681885],
      [0.020180520553844297, 0.025423400288310197, 0.015923124074593533],
      [0.014343869782681885, 0.015923124074593533, 0.01929451771789288]
    ]
  },
  "5": {
    "color_radius": {
      "b": 0.1,
      "g": 0.06,
      "r": 0.06
    },
    "contrast": {
      "b": 2.855,
      "g": 2.697,
      "r": 1.768
    },
    "covariance_matrix": [
      [0.03873310804894358, 0.020180520553844783, 0.014343869782681885],
      [0.020180520553844297, 0.025423400288310197, 0.015923124074593533],
      [0.014343869782681885, 0.015923124074593533, 0.01929451771789288]
    ]
  },
  "4": {
    "color_radius": {
      "b": 0.1,
      "g": 0.06,
      "r": 0.06
    },
    "contrast": {
      "b": 2.467,
      "g": 2.041,
      "r": 1.148
    },
    "covariance_matrix": [
      [0.03873310804894358, 0.020180520553844783, 0.014343869782681885],
      [0.020180520553844297, 0.025423400288310197, 0.015923124074593533],
      [0.014343869782681885, 0.015923124074593533, 0.01929451771789288]
    ]
  },
  "3": {
    "color_radius": {
      "b": 0.1,
      "g": 0.06,
      "r": 0.06
    },
    "contrast": {
      "b": 2.153,
      "g": 1.409,
      "r": 0.62
    },
    "covariance_matrix": [
      [0.03873310804894358, 0.020180520553844783, 0.014343869782681885],
      [0.020180520553844297, 0.025423400288310197, 0.015923124074593533],
      [0.014343869782681885, 0.015923124074593533, 0.01929451771789288]
    ]
  },
  "2": {
    "color_radius": {
      "b": 0.1,
      "g": 0.06,
      "r": 0.06
    },
    "contrast": {
      "b": 1.658,
      "g": 0.77,
      "r": 0.162
    },
    "covariance_matrix": [
      [0.03873310804894358, 0.020180520553844783, 0.014343869782681885],
      [0.020180520553844297, 0.025423400288310197, 0.015923124074593533],
      [0.014343869782681885, 0.015923124074593533, 0.01929451771789288]
    ]
  },
  "1": {
    "color_radius": {
      "b": 0.1,
      "g": 0.06,
      "r": 0.06
    },
    "contrast": {
      "b": 1.029,
      "g": 0.208,
      "r": -0.129
    },
    "covariance_matrix": [
      [0.03873310804894358, 0.020180520553844783, 0.014343869782681885],
      [0.020180520553844297, 0.025423400288310197, 0.015923124074593533],
      [0.014343869782681885, 0.015923124074593533, 0.01929451771789288]
    ]
  }
}
