{
    "1": {
        "color_radius": {
            "b": 0.1,
            "g": 0.06,
            "r": 0.06
        },
        "contrast": {
            "b": -0.135,
            "g": -0.298,
            "r": -0.316
        },
        "covariance_matrix": [
            [
                0.000836,
                0.0006783841743974444,
                0.000757705230025739
            ],
            [
                0.00069,
                0.0011740260984829168,
                0.0012728476112132412
            ],
            [
                0.00078,
                0.0012728476112132412,
                0.001976083055727803
            ]
        ]
    },
    "2": {
        "color_radius": {
            "b": 0.1,
            "g": 0.06,
            "r": 0.06
        },
        "contrast": {
            "b": -0.247,
            "g": -0.511,
            "r": -0.523
        },
        "covariance_matrix": [
            [
                0.0005,
                6.322607792584834e-05,
                0.00011810631636674695
            ],
            [
                9.322607792584833e-05,
                0.0002427652501564644,
                0.00017907555883777654
            ],
            [
                0.00015810631636674695,
                0.0001790755588377765,
                0.0004321422979414093
            ]
        ]
    },
    "3": {
        "color_radius": {
            "b": 0.1,
            "g": 0.06,
            "r": 0.06
        },
        "contrast": {
            "b": -0.31,
            "g": -0.64,
            "r": -0.676    },
        "covariance_matrix": [
            [
                0.00057176297522959975,
                6.322607792584834e-05,
                0.00011810631636674695
            ],
            [
                9.322607792584833e-05,
                0.0002427652501564644,
                0.00017907555883777654
            ],
            [
                0.00015810631636674695,
                0.0001790755588377765,
                0.0004321422979414093
            ]
        ]
    },
    "4": {
        "color_radius": {
            "b": 0.1,
            "g": 0.06,
            "r": 0.06
        },
        "contrast": {
            "b": -0.43,
            "g": -0.82,
            "r": -0.80    },
        "covariance_matrix": [
            [
                0.00057176297522959975,
                6.322607792584834e-05,
                0.00011810631636674695
            ],
            [
                9.322607792584833e-05,
                0.0002427652501564644,
                0.00017907555883777654
            ],
            [
                0.00015810631636674695,
                0.0001790755588377765,
                0.0004321422979414093
            ]
        ]
    }
}