{
    "1": {
        "color_radius": {
            "b": 0.1,
            "g": 0.06,
            "r": 0.06
        },
        "contrast": {
            "b": -0.591,
            "g": -0.482,
            "r": -0.41
        },
        "covariance_matrix": [
            [
                0.0015073375595066076,
                0.00010324422658237387,
                -1.1779232922683952e-05
            ],
            [
                0.00010324422658237362,
                0.0004983421847051309,
                0.0004502407073395732
            ],
            [
                -1.1779232922683943e-05,
                0.0004502407073395732,
                0.0006578901069365296
            ]
        ]
    },
    "3": {
        "color_radius": {
            "b": 0.1,
            "g": 0.06,
            "r": 0.06
        },
        "contrast": {
            "b": -0.789,
            "g": -0.899,
            "r": -0.848
        },
        "covariance_matrix": [
            [
                0.0013698764409026457,
                0.00034267226594750645,
                0.0001303465786277145
            ],
            [
                0.00034267226594751485,
                0.0001633137289742843,
                0.0001077240494137177
            ],
            [
                0.00013034657862771455,
                0.0001077240494137177,
                0.0001866875660982008
            ]
        ]
    },
    "2": {
        "color_radius": {
            "b": 0.1,
            "g": 0.06,
            "r": 0.06
        },
        "contrast": {
            "b": -0.791,
            "g": -0.781,
            "r": -0.689
        },
        "covariance_matrix": [
            [
                0.001897459613450466,
                0.00012279292681518974,
                -0.00019080496303689194
            ],
            [
                0.00012279292681518345,
                0.00018469690950724443,
                0.0001535978236709976
            ],
            [
                -0.00019080496303689194,
                0.0001535978236709976,
                0.0003264987927976984
            ]
        ]
    }
}